Number,CP natural language,CP code,Constraint,Problem types,CP formal language,Validation score,Timestamp,Source
task_20260625_034024_demo,"We have a flexible job shop scheduling problem in aircraft skin manufacturing. There are 3 jobs and 4 machines. Each job has a sequence of operations; each operation can be assigned to one of several candidate machines with different processing times. Each machine processes at most one operation at a time. Consecutive operations within a job have temporal constraints: 'tight' means the next operation must start within 15 time units after the previous ends; 'loose' means the next must start at least 30 time units after the previous ends. Job 1: Op1(M1:10,M2:15), Op2(M2:8,M3:12)[tight], Op3(M3:6,M4:9)[loose]. Job 2: Op1(M1:12,M3:10), Op2(M4:7,M2:11)[none]. Job 3: Op1(M2:9,M4:13), Op2(M1:8,M3:10)[tight], Op3(M4:11,M2:14)[none]. Minimize makespan. Write a Python program using the docplex.cp module.","from docplex.cp.model import CpoModel
import os

filename = os.path.dirname(os.path.abspath(__file__)) + ""/data/fjsp_location_newdataset_1.fjs""
with open(filename, ""r"") as file:
    NB_JOBS, NB_MACHINES = [int(v) for v in file.readline().split()]
    list_jobs = [[v if v in ['tight', 'loose', 'none'] else int(v) for v in file.readline().split()] for i in range(NB_JOBS)]

JOBS = []
CONSTRAINTS = []

for jline in list_jobs:
    nbstps = jline.pop(0)
    job = []
    constraints = []
    for stp in range(nbstps):
        nbc = jline.pop(0)
        choices = []
        for c in range(nbc):
            m = jline.pop(0)
            d = jline.pop(0)
            choices.append((m - 1, d))
        constraint = jline.pop(0)
        job.append(choices)
        constraints.append(constraint)
    JOBS.append(job)
    CONSTRAINTS.append(constraints)

mdl = CpoModel()

job_number = {}
all_operations = []
machine_operations = [[] for m in range(NB_MACHINES)]
job_operations = []

for jx, job in enumerate(JOBS):
    op_vars = []
    for ox, op in enumerate(job):
        choice_vars = []
        for cx, (m, d) in enumerate(op):
            cv = mdl.interval_var(name=""J{}_O{}_C{}_M{}"".format(jx, ox, cx, m), optional=True, size=d)
            job_number[cv.get_name()] = jx
            choice_vars.append(cv)
            machine_operations[m].append(cv)
        jv = mdl.interval_var(name=""J{}_O{}"".format(jx, ox))
        mdl.add(mdl.alternative(jv, choice_vars))
        op_vars.append(jv)
        if ox > 0:
            mdl.add(mdl.end_before_start(op_vars[ox - 1], op_vars[ox]))
        if ox > 0 and CONSTRAINTS[jx][ox - 1] == 'tight':
            mdl.add(mdl.start_of(op_vars[ox]) - mdl.end_of(op_vars[ox - 1]) <= 15)
        if ox > 0 and CONSTRAINTS[jx][ox - 1] == 'loose':
            mdl.add(mdl.start_of(op_vars[ox]) - mdl.end_of(op_vars[ox - 1]) >= 30)
    all_operations.extend(op_vars)
    job_operations.append(op_vars)

for lops in machine_operations:
    mdl.add(mdl.no_overlap(lops))

mdl.add(mdl.minimize(mdl.max([mdl.end_of(op) for op in all_operations])))

print(""Solving model...."")
msol = mdl.solve(TimeLimit=30)

if msol:
    print(""Solution found."")
    print(""Objective value (Makespan):"", msol.get_objective_value())
    print(""=== Machine Schedules ==="")
    for m in range(NB_MACHINES):
        print(f""\nMachine M{m}:"")
        machine_schedule = []
        for v in machine_operations[m]:
            itv = msol.get_var_solution(v)
            if itv.is_present():
                jn = job_number[v.get_name()]
                machine_schedule.append((itv.start, itv.end, f""J{jn}""))
        machine_schedule.sort(key=lambda x: x[0])
        for s, e, jn in machine_schedule:
            print(f""  {jn:<5} Start: {s:<5}  End: {e:<5}  Duration: {e - s}"")
else:
    print(""No solution found."")
",base,Aircraft Skin Processing,"1. Decision Variables
jv_{j,o} [interval_var]: execution interval of job j operation o
  API: mdl.interval_var(name='J{}_O{}'.format(j,o))
cv_{j,o,c,m} [interval_var (optional)]: optional interval for job j op o on machine m
  API: mdl.interval_var(name='J{}_O{}_C{}_M{}'.format(j,o,c,m), optional=True, size=d)

2. Parameters and Input Data
NB_JOBS: number of jobs = 3
NB_MACHINES: number of machines = 4
JOBS[j][o]: list of (machine_idx, duration) pairs for job j op o
CONSTRAINTS[j][o]: temporal constraint type between op o and o+1

3. Constraints
[C1] Alternative Machine Assignment: ∀j,o: alternative(jv_{j,o}, {cv_{j,o,c,m} | c∈candidates})
  docplex: mdl.add(mdl.alternative(jv, choice_vars))
  Note: each operation selects exactly one candidate machine
[C2] No-Overlap (Machine): ∀m: no_overlap({cv_{j,o,c,m} | using machine m})
  docplex: mdl.add(mdl.no_overlap(machine_operations[m]))
  Note: no two operations overlap on the same machine
[C3] Precedence (Within Job): ∀j, o>0: end(jv_{j,o-1}) ≤ start(jv_{j,o})
  docplex: mdl.add(mdl.end_before_start(op_vars[ox-1], op_vars[ox]))
  Note: operations within a job execute sequentially
[C4] Tight Temporal Constraint: start(jv_{j,o}) - end(jv_{j,o-1}) ≤ 15
  docplex: mdl.add(mdl.start_of(op_vars[ox]) - mdl.end_of(op_vars[ox-1]) <= 15)
  Note: consecutive ops must be within 15 time units
[C5] Loose Temporal Constraint: start(jv_{j,o}) - end(jv_{j,o-1}) ≥ 30
  docplex: mdl.add(mdl.start_of(op_vars[ox]) - mdl.end_of(op_vars[ox-1]) >= 30)
  Note: consecutive ops must be at least 30 time units apart

4. Objective Function
MINIMIZE min max_{j,o} end(jv_{j,o})
docplex: mdl.add(mdl.minimize(mdl.max([mdl.end_of(op) for op in all_operations])))

5. Data Specification
NB_JOBS: number of jobs (3)
NB_MACHINES: number of machines (4)
JOBS: machine-duration choices per operation (inline)
CONSTRAINTS: temporal constraint types between ops (tight/loose/none)",0.995,2026-06-25T03:40:24.383453,pipeline
task_20260625_034024_demo_update1,"We have a flexible job shop scheduling problem in aircraft skin manufacturing. There are 3 jobs and 4 machines. Each job has a sequence of operations; each operation can be assigned to one of several candidate machines with different processing times. Each machine processes at most one operation at a time. Consecutive operations within a job have temporal constraints: 'tight' means the next operation must start within 15 time units after the previous ends; 'loose' means the next must start at least 30 time units after the previous ends. Job 1: Op1(M1:10,M2:15), Op2(M2:8,M3:12)[tight], Op3(M3:6,M4:9)[loose]. Job 2: Op1(M1:12,M3:10), Op2(M4:7,M2:11)[none]. Job 3: Op1(M2:9,M4:13), Op2(M1:8,M3:10)[tight], Op3(M4:11,M2:14)[none]. Minimize makespan. Write a Python program using the docplex.cp module.

Additional constraint: Job 1 must start its first operation within the time window [20, 100].","from docplex.cp.model import CpoModel
import os

filename = os.path.dirname(os.path.abspath(__file__)) + ""/data/fjsp_location_newdataset_1.fjs""
with open(filename, ""r"") as file:
    NB_JOBS, NB_MACHINES = [int(v) for v in file.readline().split()]
    list_jobs = [[v if v in ['tight', 'loose', 'none'] else int(v) for v in file.readline().split()] for i in range(NB_JOBS)]

JOBS = []
CONSTRAINTS = []

for jline in list_jobs:
    nbstps = jline.pop(0)
    job = []
    constraints = []
    for stp in range(nbstps):
        nbc = jline.pop(0)
        choices = []
        for c in range(nbc):
            m = jline.pop(0)
            d = jline.pop(0)
            choices.append((m - 1, d))
        constraint = jline.pop(0)
        job.append(choices)
        constraints.append(constraint)
    JOBS.append(job)
    CONSTRAINTS.append(constraints)

mdl = CpoModel()

job_number = {}
all_operations = []
machine_operations = [[] for m in range(NB_MACHINES)]
job_operations = []

for jx, job in enumerate(JOBS):
    op_vars = []
    for ox, op in enumerate(job):
        choice_vars = []
        for cx, (m, d) in enumerate(op):
            cv = mdl.interval_var(name=""J{}_O{}_C{}_M{}"".format(jx, ox, cx, m), optional=True, size=d)
            job_number[cv.get_name()] = jx
            choice_vars.append(cv)
            machine_operations[m].append(cv)
        jv = mdl.interval_var(name=""J{}_O{}"".format(jx, ox))
        mdl.add(mdl.alternative(jv, choice_vars))
        op_vars.append(jv)
        if ox > 0:
            mdl.add(mdl.end_before_start(op_vars[ox - 1], op_vars[ox]))
        if ox > 0 and CONSTRAINTS[jx][ox - 1] == 'tight':
            mdl.add(mdl.start_of(op_vars[ox]) - mdl.end_of(op_vars[ox - 1]) <= 15)
        if ox > 0 and CONSTRAINTS[jx][ox - 1] == 'loose':
            mdl.add(mdl.start_of(op_vars[ox]) - mdl.end_of(op_vars[ox - 1]) >= 30)
        if jx == 0 and ox == 0:
            mdl.add(mdl.start_of(jv) >= 20)
            mdl.add(mdl.start_of(jv) <= 100)
    all_operations.extend(op_vars)
    job_operations.append(op_vars)

for lops in machine_operations:
    mdl.add(mdl.no_overlap(lops))

mdl.add(mdl.minimize(mdl.max([mdl.end_of(op) for op in all_operations])))

print(""Solving model...."")
msol = mdl.solve(TimeLimit=30)

if msol:
    print(""Solution found."")
    print(""Objective value (Makespan):"", msol.get_objective_value())
    print(""=== Machine Schedules ==="")
    for m in range(NB_MACHINES):
        print(f""\nMachine M{m}:"")
        machine_schedule = []
        for v in machine_operations[m]:
            itv = msol.get_var_solution(v)
            if itv.is_present():
                jn = job_number[v.get_name()]
                machine_schedule.append((itv.start, itv.end, f""J{jn}""))
        machine_schedule.sort(key=lambda x: x[0])
        for s, e, jn in machine_schedule:
            print(f""  {jn:<5} Start: {s:<5}  End: {e:<5}  Duration: {e - s}"")
else:
    print(""No solution found."")
",1,Aircraft Skin Processing,"1. Decision Variables
jv_{j,o} [interval_var]: execution interval of job j operation o
  API: mdl.interval_var(name='J{}_O{}'.format(j,o))
cv_{j,o,c,m} [interval_var (optional)]: optional interval for job j op o on machine m
  API: mdl.interval_var(name='J{}_O{}_C{}_M{}'.format(j,o,c,m), optional=True, size=d)

2. Parameters and Input Data
NB_JOBS: number of jobs = 3
NB_MACHINES: number of machines = 4
JOBS[j][o]: list of (machine_idx, duration) pairs for job j op o
CONSTRAINTS[j][o]: temporal constraint type between op o and o+1

3. Constraints
[C1] Alternative Machine Assignment: ∀j,o: alternative(jv_{j,o}, {cv_{j,o,c,m} | c∈candidates})
  docplex: mdl.add(mdl.alternative(jv, choice_vars))
  Note: each operation selects exactly one candidate machine
[C2] No-Overlap (Machine): ∀m: no_overlap({cv_{j,o,c,m} | using machine m})
  docplex: mdl.add(mdl.no_overlap(machine_operations[m]))
  Note: no two operations overlap on the same machine
[C3] Precedence (Within Job): ∀j, o>0: end(jv_{j,o-1}) ≤ start(jv_{j,o})
  docplex: mdl.add(mdl.end_before_start(op_vars[ox-1], op_vars[ox]))
  Note: operations within a job execute sequentially
[C4] Tight Temporal Constraint: start(jv_{j,o}) - end(jv_{j,o-1}) ≤ 15
  docplex: mdl.add(mdl.start_of(op_vars[ox]) - mdl.end_of(op_vars[ox-1]) <= 15)
  Note: consecutive ops must be within 15 time units
[C5] Loose Temporal Constraint: start(jv_{j,o}) - end(jv_{j,o-1}) ≥ 30
  docplex: mdl.add(mdl.start_of(op_vars[ox]) - mdl.end_of(op_vars[ox-1]) >= 30)
  Note: consecutive ops must be at least 30 time units apart

4. Objective Function
MINIMIZE min max_{j,o} end(jv_{j,o})
docplex: mdl.add(mdl.minimize(mdl.max([mdl.end_of(op) for op in all_operations])))

5. Data Specification
NB_JOBS: number of jobs (3)
NB_MACHINES: number of machines (4)
JOBS: machine-duration choices per operation (inline)
CONSTRAINTS: temporal constraint types between ops (tight/loose/none)",0.997,2026-06-25T03:40:24.383453,dynamic_constraint_adaptation
